{
	"zone":	{
		"type":	"y",
		"name":	"ctrl_y1",
		"channel": 1,
		"ctrl1": 1,
		"rect":	[0, 0, 1, 5]
	},
	"zone":	{
		"type":	"y",
		"name":	"ctrl_y2",
		"channel": 1,
		"ctrl1": 2,
		"rect":	[1, 0, 1, 5]
	},
	"zone":	{
		"type":	"y",
		"name":	"ctrl_y3",
		"channel": 1,
		"ctrl1": 3,
		"rect":	[2, 0, 1, 5]
	},
	"zone":	{
		"type":	"y",
		"name":	"ctrl_y4",
		"channel": 1,
		"ctrl1": 4,
		"rect":	[3, 0, 1, 5]
	},
	"zone":	{
		"type":	"y",
		"name":	"ctrl_y5",
		"channel": 1,
		"ctrl1": 5,
		"rect":	[4, 0, 1, 5]
	},
	"zone":	{
		"type":	"y",
		"name":	"ctrl_y6",
		"channel": 1,
		"ctrl1": 6,
		"rect":	[5, 0, 1, 5]
	},
	"zone":	{
		"type":	"y",
		"name":	"ctrl_y7",
		"channel": 1,
		"ctrl1": 7,
		"rect":	[6, 0, 1, 5]
	},
	"zone":	{
		"type":	"y",
		"name":	"ctrl_y8",
		"channel": 1,
		"ctrl1": 8,
		"rect":	[7, 0, 1, 5]
	},
	"zone":	{
		"type":	"y",
		"name":	"ctrl_y9",
		"channel": 1,
		"ctrl1": 9,
		"rect":	[8, 0, 1, 5]
	},
	"zone":	{
		"type":	"y",
		"name":	"ctrl_y10",
		"channel": 1,
		"ctrl1": 10,
		"rect":	[9, 0, 1, 5]
	},
	"zone":	{
		"type":	"y",
		"name":	"ctrl_y11",
		"channel": 1,
		"ctrl1": 11,
		"rect":	[10, 0, 1, 5]
	},
	"zone":	{
		"type":	"y",
		"name":	"ctrl_y12",
		"channel": 1,
		"ctrl1": 12,
		"rect":	[11, 0, 1, 5]
	},
	"zone":	{
		"type":	"y",
		"name":	"ctrl_y13",
		"channel": 1,
		"ctrl1": 13,
		"rect":	[12, 0, 1, 5]
	},
	"zone":	{
		"type":	"y",
		"name":	"ctrl_y14",
		"channel": 1,
		"ctrl1": 14,
		"rect":	[13, 0, 1, 5]
	},
	"zone":	{
		"type":	"y",
		"name":	"ctrl_y15",
		"channel": 1,
		"ctrl1": 15,
		"rect":	[14, 0, 1, 5]
	},
	"zone":	{
		"type":	"y",
		"name":	"ctrl_y16",
		"channel": 1,
		"ctrl1": 16,
		"rect":	[15, 0, 1, 5]
	},	
	"zone":	{
		"type":	"y",
		"name":	"ctrl_y17",
		"channel": 1,
		"ctrl1": 17,
		"rect":	[16, 0, 1, 5]
	},
		"zone":	{
		"type":	"y",
		"name":	"ctrl_y18",
		"channel": 1,
		"ctrl1": 18,
		"rect":	[17, 0, 1, 5]
	},
		"zone":	{
		"type":	"y",
		"name":	"ctrl_y19",
		"channel": 1,
		"ctrl1": 19,
		"rect":	[18, 0, 1, 5]
	},
		"zone":	{
		"type":	"y",
		"name":	"ctrl_y20",
		"channel": 1,
		"ctrl1": 20,
		"rect":	[19, 0, 1, 5]
	},
		"zone":	{
		"type":	"y",
		"name":	"ctrl_y21",
		"channel": 1,
		"ctrl1": 21,
		"rect":	[20, 0, 1, 5]
	},
		"zone":	{
		"type":	"y",
		"name":	"ctrl_y22",
		"channel": 1,
		"ctrl1": 22,
		"rect":	[21, 0, 1, 5]
	},
		"zone":	{
		"type":	"y",
		"name":	"ctrl_y23",
		"channel": 1,
		"ctrl1": 23,
		"rect":	[22, 0, 1, 5]
	},
		"zone":	{
		"type":	"y",
		"name":	"ctrl_y24",
		"channel": 1,
		"ctrl1": 24,
		"rect":	[23, 0, 1, 5]
	},
		"zone":	{
		"type":	"y",
		"name":	"ctrl_y25",
		"channel": 1,
		"ctrl1": 25,
		"rect":	[24, 0, 1, 5]
	},
		"zone":	{
		"type":	"y",
		"name":	"ctrl_y26",
		"channel": 1,
		"ctrl1": 26,
		"rect":	[25, 0, 1, 5]
	},
		"zone":	{
		"type":	"y",
		"name":	"ctrl_y27",
		"channel": 1,
		"ctrl1": 27,
		"rect":	[26, 0, 1, 5]
	},
		"zone":	{
		"type":	"y",
		"name":	"ctrl_y28",
		"channel": 1,
		"ctrl1": 28,
		"rect":	[27, 0, 1, 5]
	},
		"zone":	{
		"type":	"y",
		"name":	"ctrl_y29",
		"channel": 1,
		"ctrl1": 29,
		"rect":	[28, 0, 1, 5]
	},
		"zone":	{
		"type":	"y",
		"name":	"ctrl_y30",
		"channel": 1,
		"ctrl1": 30,
		"rect":	[29, 0, 1, 5]
	}
}